{
  "groups": [],
  "properties": [
    {
      "name": "info",
      "type": "java.util.Map<java.lang.String,java.lang.Object>",
      "description": "Arbitrary properties to add to the info endpoint."
    },
    {
      "name": "management.auditevents.enabled",
      "type": "java.lang.Boolean",
      "description": "Whether to enable storage of audit events.",
      "defaultValue": true
    },
    {
      "name": "management.cloudfoundry.enabled",
      "type": "java.lang.Boolean",
      "description": "Whether to enable extended Cloud Foundry actuator endpoints.",
      "defaultValue": true
    },
    {
      "name": "management.cloudfoundry.skip-ssl-validation",
      "type": "java.lang.Boolean",
      "description": "Whether to skip SSL verification for Cloud Foundry actuator endpoint security calls.",
      "defaultValue": false
    },
    {
      "name": "management.defaults.metrics.export.enabled",
      "type": "java.lang.Boolean",
      "description": "Whether to enable default metrics exporters.",
      "defaultValue": true
    },
    {
      "name": "management.endpoint.health.probes.add-additional-paths",
      "type": "java.lang.Boolean",
      "description": "Whether to make the liveness and readiness health groups available on the main server port.",
      "defaultValue": false
    },
    {
      "name": "management.endpoint.health.probes.enabled",
      "type": "java.lang.Boolean",
      "description": "Whether to enable liveness and readiness probes.",
      "defaultValue": false
    },
    {
      "name": "management.endpoint.health.show-details",
      "defaultValue": "never"
    },
    {
      "name": "management.endpoint.health.status.order",
      "defaultValue": [
        "DOWN",
        "OUT_OF_SERVICE",
        "UP",
        "UNKNOWN"
      ]
    },
    {
      "name": "management.endpoints.enabled-by-default",
      "type": "java.lang.Boolean",
      "description": "Whether to enable or disable all endpoints by default."
    },
    {
      "name": "management.endpoints.jmx.domain",
      "defaultValue": "org.springframework.boot"
    },
    {
      "name": "management.endpoints.jmx.exposure.include",
      "defaultValue": "*"
    },
    {
      "name": "management.endpoints.jmx.unique-names",
      "type": "java.lang.Boolean",
      "description": "Whether unique runtime object names should be ensured.",
      "deprecation": {
        "replacement": "spring.jmx.unique-names",
        "level": "error"
      }
    },
    {
      "name": "management.endpoints.web.exposure.include",
      "defaultValue": [
        "health"
      ]
    },
    {
      "name": "management.ganglia.metrics.export.addressing-mode",
      "defaultValue": "multicast"
    },
    {
      "name": "management.ganglia.metrics.export.duration-units",
      "defaultValue": "milliseconds"
    },
    {
      "name": "management.graphite.metrics.export.duration-units",
      "defaultValue": "milliseconds"
    },
    {
      "name": "management.graphite.metrics.export.protocol",
      "defaultValue": "pickled"
    },
    {
      "name": "management.graphite.metrics.export.rate-units",
      "defaultValue": "seconds"
    },
    {
      "name": "management.health.cassandra.enabled",
      "type": "java.lang.Boolean",
      "description": "Whether to enable Cassandra health check.",
      "defaultValue": true
    },
    {
      "name": "management.health.couchbase.enabled",
      "type": "java.lang.Boolean",
      "description": "Whether to enable Couchbase health check.",
      "defaultValue": true
    },
    {
      "name": "management.health.couchbase.timeout",
      "type": "java.time.Duration",
      "description": "Timeout for getting the Bucket information from the server.",
      "defaultValue": "1000ms",
      "deprecation": {
        "level": "error"
      }
    },
    {
      "name": "management.health.db.enabled",
      "type": "java.lang.Boolean",
      "description": "Whether to enable database health check.",
      "defaultValue": true
    },
    {
      "name": "management.health.defaults.enabled",
      "type": "java.lang.Boolean",
      "description": "Whether to enable default health indicators.",
      "defaultValue": true
    },
    {
      "name": "management.health.diskspace.enabled",
      "type": "java.lang.Boolean",
      "description": "Whether to enable disk space health check.",
      "defaultValue": true
    },
    {
      "name": "management.health.elasticsearch.enabled",
      "type": "java.lang.Boolean",
      "description": "Whether to enable Elasticsearch health check.",
      "defaultValue": true
    },
    {
      "name": "management.health.elasticsearch.indices",
      "type": "java.util.List<java.lang.String>",
      "description": "Comma-separated index names.",
      "deprecation": {
        "level": "error"
      }
    },
    {
      "name": "management.health.elasticsearch.response-timeout",
      "type": "java.time.Duration",
      "description": "Time to wait for a response from the cluster.",
      "deprecation": {
        "level": "error"
      }
    },
    {
      "name": "management.health.influxdb.enabled",
      "type": "java.lang.Boolean",
      "description": "Whether to enable InfluxDB health check.",
      "defaultValue": true
    },
    {
      "name": "management.health.jms.enabled",
      "type": "java.lang.Boolean",
      "description": "Whether to enable JMS health check.",
      "defaultValue": true
    },
    {
      "name": "management.health.ldap.enabled",
      "type": "java.lang.Boolean",
      "description": "Whether to enable LDAP health check.",
      "defaultValue": true
    },
    {
      "name": "management.health.livenessstate.enabled",
      "type": "java.lang.Boolean",
      "description": "Whether to enable liveness state health check.",
      "defaultValue": false
    },
    {
      "name": "management.health.mail.enabled",
      "type": "java.lang.Boolean",
      "description": "Whether to enable Mail health check.",
      "defaultValue": true
    },
    {
      "name": "management.health.mongo.enabled",
      "type": "java.lang.Boolean",
      "description": "Whether to enable MongoDB health check.",
      "defaultValue": true
    },
    {
      "name": "management.health.neo4j.enabled",
      "type": "java.lang.Boolean",
      "description": "Whether to enable Neo4j health check.",
      "defaultValue": true
    },
    {
      "name": "management.health.ping.enabled",
      "type": "java.lang.Boolean",
      "description": "Whether to enable ping health check.",
      "defaultValue": true
    },
    {
      "name": "management.health.probes.enabled",
      "type": "java.lang.Boolean",
      "description": "Whether to enable liveness and readiness probes.",
      "defaultValue": false,
      "deprecation": {
        "replacement": "management.endpoint.health.probes.enabled"
      }
    },
    {
      "name": "management.health.rabbit.enabled",
      "type": "java.lang.Boolean",
      "description": "Whether to enable RabbitMQ health check.",
      "defaultValue": true
    },
    {
      "name": "management.health.readinessstate.enabled",
      "type": "java.lang.Boolean",
      "description": "Whether to enable readiness state health check.",
      "defaultValue": false
    },
    {
      "name": "management.health.redis.enabled",
      "type": "java.lang.Boolean",
      "description": "Whether to enable Redis health check.",
      "defaultValue": true
    },
    {
      "name": "management.influx.metrics.export.consistency",
      "defaultValue": "one"
    },
    {
      "name": "management.info.build.enabled",
      "type": "java.lang.Boolean",
      "description": "Whether to enable build info.",
      "defaultValue": true
    },
    {
      "name": "management.info.defaults.enabled",
      "type": "java.lang.Boolean",
      "description": "Whether to enable default info contributors.",
      "defaultValue": true
    },
    {
      "name": "management.info.env.enabled",
      "type": "java.lang.Boolean",
      "description": "Whether to enable environment info.",
      "defaultValue": false
    },
    {
      "name": "management.info.git.enabled",
      "type": "java.lang.Boolean",
      "description": "Whether to enable git info.",
      "defaultValue": true
    },
    {
      "name": "management.info.git.mode",
      "defaultValue": "simple"
    },
    {
      "name": "management.info.java.enabled",
      "type": "java.lang.Boolean",
      "description": "Whether to enable Java info.",
      "defaultValue": false
    },
    {
      "name": "management.info.os.enabled",
      "type": "java.lang.Boolean",
      "description": "Whether to enable Operating System info.",
      "defaultValue": false
    },
    {
      "name": "management.metrics.binders.files.enabled",
      "type": "java.lang.Boolean",
      "description": "Whether to enable files metrics.",
      "defaultValue": true,
      "deprecation": {
        "level": "error",
        "replacement": "management.metrics.enable.process.files",
        "reason": "Instead, filter 'process.files' metrics."
      }
    },
    {
      "name": "management.metrics.binders.jvm.enabled",
      "type": "java.lang.Boolean",
      "description": "Whether to enable JVM metrics.",
      "defaultValue": true,
      "deprecation": {
        "level": "error",
        "replacement": "management.metrics.enable.jvm",
        "reason": "Instead, disable JvmMetricsAutoConfiguration or filter 'jvm' metrics."
      }
    },
    {
      "name": "management.metrics.binders.logback.enabled",
      "type": "java.lang.Boolean",
      "description": "Whether to enable Logback metrics.",
      "defaultValue": true,
      "deprecation": {
        "level": "error",
        "replacement": "management.metrics.enable.logback",
        "reason": "Instead, disable LogbackMetricsAutoConfiguration or filter 'logback' metrics."
      }
    },
    {
      "name": "management.metrics.binders.processor.enabled",
      "type": "java.lang.Boolean",
      "description": "Whether to enable processor metrics.",
      "defaultValue": true,
      "deprecation": {
        "level": "error",
        "reason": "Instead, filter 'system.cpu' and 'process.cpu' metrics."
      }
    },
    {
      "name": "management.metrics.binders.uptime.enabled",
      "type": "java.lang.Boolean",
      "description": "Whether to enable uptime metrics.",
      "defaultValue": true,
      "deprecation": {
        "level": "error",
        "reason": "Instead, filter 'process.uptime' and 'process.start.time' metrics."
      }
    },
    {
      "name": "management.metrics.export.appoptics.api-token",
      "type": "java.lang.String",
      "deprecation": {
        "level": "error",
        "replacement": "management.appoptics.metrics.export.api-token"
      }
    },
    {
      "name": "management.metrics.export.appoptics.batch-size",
      "type": "java.lang.Integer",
      "deprecation": {
        "level": "error",
        "replacement": "management.appoptics.metrics.export.batch-size"
      }
    },
    {
      "name": "management.metrics.export.appoptics.connect-timeout",
      "type": "java.time.Duration",
      "deprecation": {
        "level": "error",
        "replacement": "management.appoptics.metrics.export.connect-timeout"
      }
    },
    {
      "name": "management.metrics.export.appoptics.enabled",
      "type": "java.lang.Boolean",
      "deprecation": {
        "level": "error",
        "replacement": "management.appoptics.metrics.export.enabled"
      }
    },
    {
      "name": "management.metrics.export.appoptics.floor-times",
      "type": "java.lang.Boolean",
      "deprecation": {
        "level": "error",
        "replacement": "management.appoptics.metrics.export.floor-times"
      }
    },
    {
      "name": "management.metrics.export.appoptics.host-tag",
      "type": "java.lang.String",
      "deprecation": {
        "level": "error",
        "replacement": "management.appoptics.metrics.export.host-tag"
      }
    },
    {
      "name": "management.metrics.export.appoptics.num-threads",
      "type": "java.lang.Integer",
      "deprecation": {
        "level": "error"
      }
    },
    {
      "name": "management.metrics.export.appoptics.read-timeout",
      "type": "java.time.Duration",
      "deprecation": {
        "level": "error",
        "replacement": "management.appoptics.metrics.export.read-timeout"
      }
    },
    {
      "name": "management.metrics.export.appoptics.step",
      "type": "java.time.Duration",
      "deprecation": {
        "level": "error",
        "replacement": "management.appoptics.metrics.export.step"
      }
    },
    {
      "name": "management.metrics.export.appoptics.uri",
      "type": "java.lang.String",
      "deprecation": {
        "level": "error",
        "replacement": "management.appoptics.metrics.export.uri"
      }
    },
    {
      "name": "management.metrics.export.atlas.batch-size",
      "type": "java.lang.Integer",
      "deprecation": {
        "level": "error",
        "replacement": "management.atlas.metrics.export.batch-size"
      }
    },
    {
      "name": "management.metrics.export.atlas.config-refresh-frequency",
      "type": "java.time.Duration",
      "deprecation": {
        "level": "error",
        "replacement": "management.atlas.metrics.export.config-refresh-frequency"
      }
    },
    {
      "name": "management.metrics.export.atlas.config-time-to-live",
      "type": "java.time.Duration",
      "deprecation": {
        "level": "error",
        "replacement": "management.atlas.metrics.export.config-time-to-live"
      }
    },
    {
      "name": "management.metrics.export.atlas.config-uri",
      "type": "java.lang.String",
      "deprecation": {
        "level": "error",
        "replacement": "management.atlas.metrics.export.config-uri"
      }
    },
    {
      "name": "management.metrics.export.atlas.connect-timeout",
      "type": "java.time.Duration",
      "deprecation": {
        "level": "error",
        "replacement": "management.atlas.metrics.export.connect-timeout"
      }
    },
    {
      "name": "management.metrics.export.atlas.enabled",
      "type": "java.lang.Boolean",
      "deprecation": {
        "level": "error",
        "replacement": "management.atlas.metrics.export.enabled"
      }
    },
    {
      "name": "management.metrics.export.atlas.eval-uri",
      "type": "java.lang.String",
      "deprecation": {
        "level": "error",
        "replacement": "management.atlas.metrics.export.eval-uri"
      }
    },
    {
      "name": "management.metrics.export.atlas.lwc-enabled",
      "type": "java.lang.Boolean",
      "deprecation": {
        "level": "error",
        "replacement": "management.atlas.metrics.export.lwc-enabled"
      }
    },
    {
      "name": "management.metrics.export.atlas.meter-time-to-live",
      "type": "java.time.Duration",
      "deprecation": {
        "level": "error",
        "replacement": "management.atlas.metrics.export.meter-time-to-live"
      }
    },
    {
      "name": "management.metrics.export.atlas.num-threads",
      "type": "java.lang.Integer",
      "deprecation": {
        "level": "error"
      }
    },
    {
      "name": "management.metrics.export.atlas.read-timeout",
      "type": "java.time.Duration",
      "deprecation": {
        "level": "error",
        "replacement": "management.atlas.metrics.export.read-timeout"
      }
    },
    {
      "name": "management.metrics.export.atlas.step",
      "type": "java.time.Duration",
      "deprecation": {
        "level": "error",
        "replacement": "management.atlas.metrics.export.step"
      }
    },
    {
      "name": "management.metrics.export.atlas.uri",
      "type": "java.lang.String",
      "deprecation": {
        "level": "error",
        "replacement": "management.atlas.metrics.export.uri"
      }
    },
    {
      "name": "management.metrics.export.datadog.api-key",
      "type": "java.lang.String",
      "deprecation": {
        "level": "error",
        "replacement": "management.datadog.metrics.export.api-key"
      }
    },
    {
      "name": "management.metrics.export.datadog.application-key",
      "type": "java.lang.String",
      "deprecation": {
        "level": "error",
        "replacement": "management.datadog.metrics.export.application-key"
      }
    },
    {
      "name": "management.metrics.export.datadog.batch-size",
      "type": "java.lang.Integer",
      "deprecation": {
        "level": "error",
        "replacement": "management.datadog.metrics.export.batch-size"
      }
    },
    {
      "name": "management.metrics.export.datadog.connect-timeout",
      "type": "java.time.Duration",
      "deprecation": {
        "level": "error",
        "replacement": "management.datadog.metrics.export.connect-timeout"
      }
    },
    {
      "name": "management.metrics.export.datadog.descriptions",
      "type": "java.lang.Boolean",
      "deprecation": {
        "level": "error",
        "replacement": "management.datadog.metrics.export.descriptions"
      }
    },
    {
      "name": "management.metrics.export.datadog.enabled",
      "type": "java.lang.Boolean",
      "deprecation": {
        "level": "error",
        "replacement": "management.datadog.metrics.export.enabled"
      }
    },
    {
      "name": "management.metrics.export.datadog.host-tag",
      "type": "java.lang.String",
      "deprecation": {
        "level": "error",
        "replacement": "management.datadog.metrics.export.host-tag"
      }
    },
    {
      "name": "management.metrics.export.datadog.num-threads",
      "type": "java.lang.Integer",
      "deprecation": {
        "level": "error"
      }
    },
    {
      "name": "management.metrics.export.datadog.read-timeout",
      "type": "java.time.Duration",
      "deprecation": {
        "level": "error",
        "replacement": "management.datadog.metrics.export.read-timeout"
      }
    },
    {
      "name": "management.metrics.export.datadog.step",
      "type": "java.time.Duration",
      "deprecation": {
        "level": "error",
        "replacement": "management.datadog.metrics.export.step"
      }
    },
    {
      "name": "management.metrics.export.datadog.uri",
      "type": "java.lang.String",
      "deprecation": {
        "level": "error",
        "replacement": "management.datadog.metrics.export.uri"
      }
    },
    {
      "name": "management.metrics.export.defaults.enabled",
      "type": "java.lang.Boolean",
      "deprecation": {
        "level": "error",
        "replacement": "management.defaults.metrics.export.enabled"
      }
    },
    {
      "name": "management.metrics.export.dynatrace.api-token",
      "type": "java.lang.String",
      "deprecation": {
        "level": "error",
        "replacement": "management.dynatrace.metrics.export.api-token"
      }
    },
    {
      "name": "management.metrics.export.dynatrace.batch-size",
      "type": "java.lang.Integer",
      "deprecation": {
        "level": "error",
        "replacement": "management.dynatrace.metrics.export.batch-size"
      }
    },
    {
      "name": "management.metrics.export.dynatrace.connect-timeout",
      "type": "java.time.Duration",
      "deprecation": {
        "level": "error",
        "replacement": "management.dynatrace.metrics.export.connect-timeout"
      }
    },
    {
      "name": "management.metrics.export.dynatrace.device-id",
      "type": "java.lang.String",
      "deprecation": {
        "level": "error",
        "replacement": "management.dynatrace.metrics.export.device-id"
      }
    },
    {
      "name": "management.metrics.export.dynatrace.enabled",
      "type": "java.lang.Boolean",
      "deprecation": {
        "level": "error",
        "replacement": "management.dynatrace.metrics.export.enabled"
      }
    },
    {
      "name": "management.metrics.export.dynatrace.group",
      "type": "java.lang.String",
      "deprecation": {
        "level": "error",
        "replacement": "management.dynatrace.metrics.export.group"
      }
    },
    {
      "name": "management.metrics.export.dynatrace.num-threads",
      "type": "java.lang.Integer",
      "deprecation": {
        "level": "error"
      }
    },
    {
      "name": "management.metrics.export.dynatrace.read-timeout",
      "type": "java.time.Duration",
      "deprecation": {
        "level": "error",
        "replacement": "management.dynatrace.metrics.export.read-timeout"
      }
    },
    {
      "name": "management.metrics.export.dynatrace.step",
      "type": "java.time.Duration",
      "deprecation": {
        "level": "error",
        "replacement": "management.dynatrace.metrics.export.step"
      }
    },
    {
      "name": "management.metrics.export.dynatrace.technology-type",
      "type": "java.lang.String",
      "deprecation": {
        "level": "error",
        "replacement": "management.dynatrace.metrics.export.technology-type"
      }
    },
    {
      "name": "management.metrics.export.dynatrace.uri",
      "type": "java.lang.String",
      "deprecation": {
        "level": "error",
        "replacement": "management.dynatrace.metrics.export.uri"
      }
    },
    {
      "name": "management.metrics.export.dynatrace.v1.device-id",
      "type": "java.lang.String",
      "deprecation": {
        "level": "error",
        "replacement": "management.dynatrace.metrics.export.v1.device-id"
      }
    },
    {
      "name": "management.metrics.export.dynatrace.v1.group",
      "type": "java.lang.String",
      "deprecation": {
        "level": "error",
        "replacement": "management.dynatrace.metrics.export.v1.group"
      }
    },
    {
      "name": "management.metrics.export.dynatrace.v1.technology-type",
      "type": "java.lang.String",
      "deprecation": {
        "level": "error",
        "replacement": "management.dynatrace.metrics.export.v1.technology-type"
      }
    },
    {
      "name": "management.metrics.export.dynatrace.v2.default-dimensions",
      "type": "java.util.Map<java.lang.String,java.lang.String>",
      "deprecation": {
        "level": "error",
        "replacement": "management.dynatrace.metrics.export.v2.default-dimensions"
      }
    },
    {
      "name": "management.metrics.export.dynatrace.v2.enrich-with-dynatrace-metadata",
      "type": "java.lang.Boolean",
      "deprecation": {
        "level": "error",
        "replacement": "management.dynatrace.metrics.export.v2.enrich-with-dynatrace-metadata"
      }
    },
    {
      "name": "management.metrics.export.dynatrace.v2.metric-key-prefix",
      "type": "java.lang.String",
      "deprecation": {
        "level": "error",
        "replacement": "management.dynatrace.metrics.export.v2.metric-key-prefix"
      }
    },
    {
      "name": "management.metrics.export.elastic.api-key-credentials",
      "type": "java.lang.String",
      "deprecation": {
        "level": "error",
        "replacement": "management.elastic.metrics.export.api-key-credentials"
      }
    },
    {
      "name": "management.metrics.export.elastic.auto-create-index",
      "type": "java.lang.Boolean",
      "deprecation": {
        "level": "error",
        "replacement": "management.elastic.metrics.export.auto-create-index"
      }
    },
    {
      "name": "management.metrics.export.elastic.batch-size",
      "type": "java.lang.Integer",
      "deprecation": {
        "level": "error",
        "replacement": "management.elastic.metrics.export.batch-size"
      }
    },
    {
      "name": "management.metrics.export.elastic.connect-timeout",
      "type": "java.time.Duration",
      "deprecation": {
        "level": "error",
        "replacement": "management.elastic.metrics.export.connect-timeout"
      }
    },
    {
      "name": "management.metrics.export.elastic.enabled",
      "type": "java.lang.Boolean",
      "deprecation": {
        "level": "error",
        "replacement": "management.elastic.metrics.export.enabled"
      }
    },
    {
      "name": "management.metrics.export.elastic.host",
      "type": "java.lang.String",
      "deprecation": {
        "level": "error",
        "replacement": "management.elastic.metrics.export.host"
      }
    },
    {
      "name": "management.metrics.export.elastic.index",
      "type": "java.lang.String",
      "deprecation": {
        "level": "error",
        "replacement": "management.elastic.metrics.export.index"
      }
    },
    {
      "name": "management.metrics.export.elastic.index-date-format",
      "type": "java.lang.String",
      "deprecation": {
        "level": "error",
        "replacement": "management.elastic.metrics.export.index-date-format"
      }
    },
    {
      "name": "management.metrics.export.elastic.index-date-separator",
      "type": "java.lang.String",
      "deprecation": {
        "level": "error",
        "replacement": "management.elastic.metrics.export.index-date-separator"
      }
    },
    {
      "name": "management.metrics.export.elastic.num-threads",
      "type": "java.lang.Integer",
      "deprecation": {
        "level": "error"
      }
    },
    {
      "name": "management.metrics.export.elastic.password",
      "type": "java.lang.String",
      "deprecation": {
        "level": "error",
        "replacement": "management.elastic.metrics.export.password"
      }
    },
    {
      "name": "management.metrics.export.elastic.pipeline",
      "type": "java.lang.String",
      "deprecation": {
        "level": "error",
        "replacement": "management.elastic.metrics.export.pipeline"
      }
    },
    {
      "name": "management.metrics.export.elastic.read-timeout",
      "type": "java.time.Duration",
      "deprecation": {
        "level": "error",
        "replacement": "management.elastic.metrics.export.read-timeout"
      }
    },
    {
      "name": "management.metrics.export.elastic.step",
      "type": "java.time.Duration",
      "deprecation": {
        "level": "error",
        "replacement": "management.elastic.metrics.export.step"
      }
    },
    {
      "name": "management.metrics.export.elastic.timestamp-field-name",
      "type": "java.lang.String",
      "deprecation": {
        "level": "error",
        "replacement": "management.elastic.metrics.export.timestamp-field-name"
      }
    },
    {
      "name": "management.metrics.export.elastic.user-name",
      "type": "java.lang.String",
      "deprecation": {
        "level": "error",
        "replacement": "management.elastic.metrics.export.user-name"
      }
    },
    {
      "name": "management.metrics.export.ganglia.addressing-mode",
      "type": "info.ganglia.gmetric4j.gmetric.GMetric$UDPAddressingMode",
      "deprecation": {
        "level": "error",
        "replacement": "management.ganglia.metrics.export.addressing-mode"
      }
    },
    {
      "name": "management.metrics.export.ganglia.duration-units",
      "type": "java.util.concurrent.TimeUnit",
      "deprecation": {
        "level": "error",
        "replacement": "management.ganglia.metrics.export.duration-units"
      }
    },
    {
      "name": "management.metrics.export.ganglia.enabled",
      "type": "java.lang.Boolean",
      "deprecation": {
        "level": "error",
        "replacement": "management.ganglia.metrics.export.enabled"
      }
    },
    {
      "name": "management.metrics.export.ganglia.host",
      "type": "java.lang.String",
      "deprecation": {
        "level": "error",
        "replacement": "management.ganglia.metrics.export.host"
      }
    },
    {
      "name": "management.metrics.export.ganglia.port",
      "type": "java.lang.Integer",
      "deprecation": {
        "level": "error",
        "replacement": "management.ganglia.metrics.export.port"
      }
    },
    {
      "name": "management.metrics.export.ganglia.rate-units",
      "type": "java.util.concurrent.TimeUnit",
      "deprecation": {
        "level": "error"
      }
    },
    {
      "name": "management.metrics.export.ganglia.step",
      "type": "java.time.Duration",
      "deprecation": {
        "level": "error",
        "replacement": "management.ganglia.metrics.export.step"
      }
    },
    {
      "name": "management.metrics.export.ganglia.time-to-live",
      "type": "java.lang.Integer",
      "deprecation": {
        "level": "error",
        "replacement": "management.ganglia.metrics.export.time-to-live"
      }
    },
    {
      "name": "management.metrics.export.graphite.duration-units",
      "type": "java.util.concurrent.TimeUnit",
      "deprecation": {
        "level": "error",
        "replacement": "management.graphite.metrics.export.duration-units"
      }
    },
    {
      "name": "management.metrics.export.graphite.enabled",
      "type": "java.lang.Boolean",
      "deprecation": {
        "level": "error",
        "replacement": "management.graphite.metrics.export.enabled"
      }
    },
    {
      "name": "management.metrics.export.graphite.graphite-tags-enabled",
      "type": "java.lang.Boolean",
      "deprecation": {
        "level": "error",
        "replacement": "management.graphite.metrics.export.graphite-tags-enabled"
      }
    },
    {
      "name": "management.metrics.export.graphite.host",
      "type": "java.lang.String",
      "deprecation": {
        "level": "error",
        "replacement": "management.graphite.metrics.export.host"
      }
    },
    {
      "name": "management.metrics.export.graphite.port",
      "type": "java.lang.Integer",
      "deprecation": {
        "level": "error",
        "replacement": "management.graphite.metrics.export.port"
      }
    },
    {
      "name": "management.metrics.export.graphite.protocol",
      "type": "io.micrometer.graphite.GraphiteProtocol",
      "deprecation": {
        "level": "error",
        "replacement": "management.graphite.metrics.export.protocol"
      }
    },
    {
      "name": "management.metrics.export.graphite.rate-units",
      "type": "java.util.concurrent.TimeUnit",
      "deprecation": {
        "level": "error",
        "replacement": "management.graphite.metrics.export.rate-units"
      }
    },
    {
      "name": "management.metrics.export.graphite.step",
      "type": "java.time.Duration",
      "deprecation": {
        "level": "error",
        "replacement": "management.graphite.metrics.export.step"
      }
    },
    {
      "name": "management.metrics.export.graphite.tags-as-prefix",
      "type": "java.lang.String[]",
      "deprecation": {
        "level": "error",
        "replacement": "management.graphite.metrics.export.tags-as-prefix"
      }
    },
    {
      "name": "management.metrics.export.humio.api-token",
      "type": "java.lang.String",
      "deprecation": {
        "level": "error",
        "replacement": "management.humio.metrics.export.api-token"
      }
    },
    {
      "name": "management.metrics.export.humio.batch-size",
      "type": "java.lang.Integer",
      "deprecation": {
        "level": "error",
        "replacement": "management.humio.metrics.export.batch-size"
      }
    },
    {
      "name": "management.metrics.export.humio.connect-timeout",
      "type": "java.time.Duration",
      "deprecation": {
        "level": "error",
        "replacement": "management.humio.metrics.export.connect-timeout"
      }
    },
    {
      "name": "management.metrics.export.humio.enabled",
      "type": "java.lang.Boolean",
      "deprecation": {
        "level": "error",
        "replacement": "management.humio.metrics.export.enabled"
      }
    },
    {
      "name": "management.metrics.export.humio.num-threads",
      "type": "java.lang.Integer",
      "deprecation": {
        "level": "error"
      }
    },
    {
      "name": "management.metrics.export.humio.read-timeout",
      "type": "java.time.Duration",
      "deprecation": {
        "level": "error",
        "replacement": "management.humio.metrics.export.read-timeout"
      }
    },
    {
      "name": "management.metrics.export.humio.repository",
      "deprecation": {
        "level": "error"
      }
    },
    {
      "name": "management.metrics.export.humio.step",
      "type": "java.time.Duration",
      "deprecation": {
        "level": "error",
        "replacement": "management.humio.metrics.export.step"
      }
    },
    {
      "name": "management.metrics.export.humio.tags",
      "type": "java.util.Map<java.lang.String,java.lang.String>",
      "deprecation": {
        "level": "error",
        "replacement": "management.humio.metrics.export.tags"
      }
    },
    {
      "name": "management.metrics.export.humio.uri",
      "type": "java.lang.String",
      "deprecation": {
        "level": "error",
        "replacement": "management.humio.metrics.export.uri"
      }
    },
    {
      "name": "management.metrics.export.influx.api-version",
      "type": "io.micrometer.influx.InfluxApiVersion",
      "deprecation": {
        "level": "error",
        "replacement": "management.influx.metrics.export.api-version"
      }
    },
    {
      "name": "management.metrics.export.influx.auto-create-db",
      "type": "java.lang.Boolean",
      "deprecation": {
        "level": "error",
        "replacement": "management.influx.metrics.export.auto-create-db"
      }
    },
    {
      "name": "management.metrics.export.influx.batch-size",
      "type": "java.lang.Integer",
      "deprecation": {
        "level": "error",
        "replacement": "management.influx.metrics.export.batch-size"
      }
    },
    {
      "name": "management.metrics.export.influx.bucket",
      "type": "java.lang.String",
      "deprecation": {
        "level": "error",
        "replacement": "management.influx.metrics.export.bucket"
      }
    },
    {
      "name": "management.metrics.export.influx.compressed",
      "type": "java.lang.Boolean",
      "deprecation": {
        "level": "error",
        "replacement": "management.influx.metrics.export.compressed"
      }
    },
    {
      "name": "management.metrics.export.influx.connect-timeout",
      "type": "java.time.Duration",
      "deprecation": {
        "level": "error",
        "replacement": "management.influx.metrics.export.connect-timeout"
      }
    },
    {
      "name": "management.metrics.export.influx.consistency",
      "type": "io.micrometer.influx.InfluxConsistency",
      "deprecation": {
        "level": "error",
        "replacement": "management.influx.metrics.export.consistency"
      }
    },
    {
      "name": "management.metrics.export.influx.db",
      "type": "java.lang.String",
      "deprecation": {
        "level": "error",
        "replacement": "management.influx.metrics.export.db"
      }
    },
    {
      "name": "management.metrics.export.influx.enabled",
      "type": "java.lang.Boolean",
      "deprecation": {
        "level": "error",
        "replacement": "management.influx.metrics.export.enabled"
      }
    },
    {
      "name": "management.metrics.export.influx.num-threads",
      "type": "java.lang.Integer",
      "deprecation": {
        "level": "error"
      }
    },
    {
      "name": "management.metrics.export.influx.org",
      "type": "java.lang.String",
      "deprecation": {
        "level": "error",
        "replacement": "management.influx.metrics.export.org"
      }
    },
    {
      "name": "management.metrics.export.influx.password",
      "type": "java.lang.String",
      "deprecation": {
        "level": "error",
        "replacement": "management.influx.metrics.export.password"
      }
    },
    {
      "name": "management.metrics.export.influx.read-timeout",
      "type": "java.time.Duration",
      "deprecation": {
        "level": "error",
        "replacement": "management.influx.metrics.export.read-timeout"
      }
    },
    {
      "name": "management.metrics.export.influx.retention-duration",
      "type": "java.lang.String",
      "deprecation": {
        "level": "error",
        "replacement": "management.influx.metrics.export.retention-duration"
      }
    },
    {
      "name": "management.metrics.export.influx.retention-policy",
      "type": "java.lang.String",
      "deprecation": {
        "level": "error",
        "replacement": "management.influx.metrics.export.retention-policy"
      }
    },
    {
      "name": "management.metrics.export.influx.retention-replication-factor",
      "type": "java.lang.Integer",
      "deprecation": {
        "level": "error",
        "replacement": "management.influx.metrics.export.retention-replication-factor"
      }
    },
    {
      "name": "management.metrics.export.influx.retention-shard-duration",
      "type": "java.lang.String",
      "deprecation": {
        "level": "error",
        "replacement": "management.influx.metrics.export.retention-shard-duration"
      }
    },
    {
      "name": "management.metrics.export.influx.step",
      "type": "java.time.Duration",
      "deprecation": {
        "level": "error",
        "replacement": "management.influx.metrics.export.step"
      }
    },
    {
      "name": "management.metrics.export.influx.token",
      "type": "java.lang.String",
      "deprecation": {
        "level": "error",
        "replacement": "management.influx.metrics.export.token"
      }
    },
    {
      "name": "management.metrics.export.influx.uri",
      "type": "java.lang.String",
      "deprecation": {
        "level": "error",
        "replacement": "management.influx.metrics.export.uri"
      }
    },
    {
      "name": "management.metrics.export.influx.user-name",
      "type": "java.lang.String",
      "deprecation": {
        "level": "error",
        "replacement": "management.influx.metrics.export.user-name"
      }
    },
    {
      "name": "management.metrics.export.jmx.domain",
      "type": "java.lang.String",
      "deprecation": {
        "level": "error",
        "replacement": "management.jmx.metrics.export.domain"
      }
    },
    {
      "name": "management.metrics.export.jmx.enabled",
      "type": "java.lang.Boolean",
      "deprecation": {
        "level": "error",
        "replacement": "management.jmx.metrics.export.enabled"
      }
    },
    {
      "name": "management.metrics.export.jmx.step",
      "type": "java.time.Duration",
      "deprecation": {
        "level": "error",
        "replacement": "management.jmx.metrics.export.step"
      }
    },
    {
      "name": "management.metrics.export.kairos.batch-size",
      "type": "java.lang.Integer",
      "deprecation": {
        "level": "error",
        "replacement": "management.kairos.metrics.export.batch-size"
      }
    },
    {
      "name": "management.metrics.export.kairos.connect-timeout",
      "type": "java.time.Duration",
      "deprecation": {
        "level": "error",
        "replacement": "management.kairos.metrics.export.connect-timeout"
      }
    },
    {
      "name": "management.metrics.export.kairos.enabled",
      "type": "java.lang.Boolean",
      "deprecation": {
        "level": "error",
        "replacement": "management.kairos.metrics.export.enabled"
      }
    },
    {
      "name": "management.metrics.export.kairos.num-threads",
      "type": "java.lang.Integer",
      "deprecation": {
        "level": "error"
      }
    },
    {
      "name": "management.metrics.export.kairos.password",
      "type": "java.lang.String",
      "deprecation": {
        "level": "error",
        "replacement": "management.kairos.metrics.export.password"
      }
    },
    {
      "name": "management.metrics.export.kairos.read-timeout",
      "type": "java.time.Duration",
      "deprecation": {
        "level": "error",
        "replacement": "management.kairos.metrics.export.read-timeout"
      }
    },
    {
      "name": "management.metrics.export.kairos.step",
      "type": "java.time.Duration",
      "deprecation": {
        "level": "error",
        "replacement": "management.kairos.metrics.export.step"
      }
    },
    {
      "name": "management.metrics.export.kairos.uri",
      "type": "java.lang.String",
      "deprecation": {
        "level": "error",
        "replacement": "management.kairos.metrics.export.uri"
      }
    },
    {
      "name": "management.metrics.export.kairos.user-name",
      "type": "java.lang.String",
      "deprecation": {
        "level": "error",
        "replacement": "management.kairos.metrics.export.user-name"
      }
    },
    {
      "name": "management.metrics.export.newrelic.account-id",
      "type": "java.lang.String",
      "deprecation": {
        "level": "error",
        "replacement": "management.newrelic.metrics.export.account-id"
      }
    },
    {
      "name": "management.metrics.export.newrelic.api-key",
      "type": "java.lang.String",
      "deprecation": {
        "level": "error",
        "replacement": "management.newrelic.metrics.export.api-key"
      }
    },
    {
      "name": "management.metrics.export.newrelic.batch-size",
      "type": "java.lang.Integer",
      "deprecation": {
        "level": "error",
        "replacement": "management.newrelic.metrics.export.batch-size"
      }
    },
    {
      "name": "management.metrics.export.newrelic.client-provider-type",
      "type": "io.micrometer.newrelic.ClientProviderType",
      "deprecation": {
        "level": "error",
        "replacement": "management.newrelic.metrics.export.client-provider-type"
      }
    },
    {
      "name": "management.metrics.export.newrelic.connect-timeout",
      "type": "java.time.Duration",
      "deprecation": {
        "level": "error",
        "replacement": "management.newrelic.metrics.export.connect-timeout"
      }
    },
    {
      "name": "management.metrics.export.newrelic.enabled",
      "type": "java.lang.Boolean",
      "deprecation": {
        "level": "error",
        "replacement": "management.newrelic.metrics.export.enabled"
      }
    },
    {
      "name": "management.metrics.export.newrelic.event-type",
      "type": "java.lang.String",
      "deprecation": {
        "level": "error",
        "replacement": "management.newrelic.metrics.export.event-type"
      }
    },
    {
      "name": "management.metrics.export.newrelic.meter-name-event-type-enabled",
      "type": "java.lang.Boolean",
      "deprecation": {
        "level": "error",
        "replacement": "management.newrelic.metrics.export.meter-name-event-type-enabled"
      }
    },
    {
      "name": "management.metrics.export.newrelic.num-threads",
      "type": "java.lang.Integer",
      "deprecation": {
        "level": "error"
      }
    },
    {
      "name": "management.metrics.export.newrelic.read-timeout",
      "type": "java.time.Duration",
      "deprecation": {
        "level": "error",
        "replacement": "management.newrelic.metrics.export.read-timeout"
      }
    },
    {
      "name": "management.metrics.export.newrelic.step",
      "type": "java.time.Duration",
      "deprecation": {
        "level": "error",
        "replacement": "management.newrelic.metrics.export.step"
      }
    },
    {
      "name": "management.metrics.export.newrelic.uri",
      "type": "java.lang.String",
      "deprecation": {
        "level": "error",
        "replacement": "management.newrelic.metrics.export.uri"
      }
    },
    {
      "name": "management.metrics.export.prometheus.descriptions",
      "type": "java.lang.Boolean",
      "deprecation": {
        "level": "error",
        "replacement": "management.prometheus.metrics.export.descriptions"
      }
    },
    {
      "name": "management.metrics.export.prometheus.enabled",
      "type": "java.lang.Boolean",
      "deprecation": {
        "level": "error",
        "replacement": "management.prometheus.metrics.export.enabled"
      }
    },
    {
      "name": "management.metrics.export.prometheus.histogram-flavor",
      "type": "io.micrometer.prometheus.HistogramFlavor",
      "deprecation": {
        "level": "error",
        "replacement": "management.prometheus.metrics.export.histogram-flavor"
      }
    },
    {
      "name": "management.metrics.export.prometheus.pushgateway.base-url",
      "type": "java.lang.String",
      "deprecation": {
        "level": "error",
        "replacement": "management.prometheus.metrics.export.pushgateway.base-url"
      }
    },
    {
      "name": "management.metrics.export.prometheus.pushgateway.enabled",
      "type": "java.lang.Boolean",
      "deprecation": {
        "level": "error",
        "replacement": "management.prometheus.metrics.export.pushgateway.enabled"
      }
    },
    {
      "name": "management.metrics.export.prometheus.pushgateway.grouping-key",
      "type": "java.util.Map<java.lang.String,java.lang.String>",
      "deprecation": {
        "level": "error",
        "replacement": "management.prometheus.metrics.export.pushgateway.grouping-key"
      }
    },
    {
      "name": "management.metrics.export.prometheus.pushgateway.job",
      "type": "java.lang.String",
      "deprecation": {
        "level": "error",
        "replacement": "management.prometheus.metrics.export.pushgateway.job"
      }
    },
    {
      "name": "management.metrics.export.prometheus.pushgateway.password",
      "type": "java.lang.String",
      "deprecation": {
        "level": "error",
        "replacement": "management.prometheus.metrics.export.pushgateway.password"
      }
    },
    {
      "name": "management.metrics.export.prometheus.pushgateway.push-rate",
      "type": "java.time.Duration",
      "deprecation": {
        "level": "error",
        "replacement": "management.prometheus.metrics.export.pushgateway.push-rate"
      }
    },
    {
      "name": "management.metrics.export.prometheus.pushgateway.shutdown-operation",
      "type": "org.springframework.boot.actuate.metrics.export.prometheus.PrometheusPushGatewayManager$ShutdownOperation",
      "deprecation": {
        "level": "error",
        "replacement": "management.prometheus.metrics.export.pushgateway.shutdown-operation"
      }
    },
    {
      "name": "management.metrics.export.prometheus.pushgateway.username",
      "type": "java.lang.String",
      "deprecation": {
        "level": "error",
        "replacement": "management.prometheus.metrics.export.pushgateway.username"
      }
    },
    {
      "name": "management.metrics.export.prometheus.step",
      "type": "java.time.Duration",
      "deprecation": {
        "level": "error",
        "replacement": "management.prometheus.metrics.export.step"
      }
    },
    {
      "name": "management.metrics.export.signalfx.access-token",
      "type": "java.lang.String",
      "deprecation": {
        "level": "error",
        "replacement": "management.signalfx.metrics.export.access-token"
      }
    },
    {
      "name": "management.metrics.export.signalfx.batch-size",
      "type": "java.lang.Integer",
      "deprecation": {
        "level": "error",
        "replacement": "management.signalfx.metrics.export.batch-size"
      }
    },
    {
      "name": "management.metrics.export.signalfx.connect-timeout",
      "type": "java.time.Duration",
      "deprecation": {
        "level": "error",
        "replacement": "management.signalfx.metrics.export.connect-timeout"
      }
    },
    {
      "name": "management.metrics.export.signalfx.enabled",
      "type": "java.lang.Boolean",
      "deprecation": {
        "level": "error",
        "replacement": "management.signalfx.metrics.export.enabled"
      }
    },
    {
      "name": "management.metrics.export.signalfx.num-threads",
      "type": "java.lang.Integer",
      "deprecation": {
        "level": "error"
      }
    },
    {
      "name": "management.metrics.export.signalfx.read-timeout",
      "type": "java.time.Duration",
      "deprecation": {
        "level": "error",
        "replacement": "management.signalfx.metrics.export.read-timeout"
      }
    },
    {
      "name": "management.metrics.export.signalfx.source",
      "type": "java.lang.String",
      "deprecation": {
        "level": "error",
        "replacement": "management.signalfx.metrics.export.source"
      }
    },
    {
      "name": "management.metrics.export.signalfx.step",
      "type": "java.time.Duration",
      "deprecation": {
        "level": "error",
        "replacement": "management.signalfx.metrics.export.step"
      }
    },
    {
      "name": "management.metrics.export.signalfx.uri",
      "type": "java.lang.String",
      "deprecation": {
        "level": "error",
        "replacement": "management.signalfx.metrics.export.uri"
      }
    },
    {
      "name": "management.metrics.export.simple.enabled",
      "type": "java.lang.Boolean",
      "deprecation": {
        "level": "error",
        "replacement": "management.simple.metrics.export.enabled"
      }
    },
    {
      "name": "management.metrics.export.simple.mode",
      "type": "io.micrometer.core.instrument.simple.CountingMode",
      "deprecation": {
        "level": "error",
        "replacement": "management.simple.metrics.export.mode"
      }
    },
    {
      "name": "management.metrics.export.simple.step",
      "type": "java.time.Duration",
      "deprecation": {
        "level": "error",
        "replacement": "management.simple.metrics.export.step"
      }
    },
    {
      "name": "management.metrics.export.stackdriver.batch-size",
      "type": "java.lang.Integer",
      "deprecation": {
        "level": "error",
        "replacement": "management.stackdriver.metrics.export.batch-size"
      }
    },
    {
      "name": "management.metrics.export.stackdriver.connect-timeout",
      "type": "java.time.Duration",
      "deprecation": {
        "level": "error",
        "replacement": "management.stackdriver.metrics.export.connect-timeout"
      }
    },
    {
      "name": "management.metrics.export.stackdriver.enabled",
      "type": "java.lang.Boolean",
      "deprecation": {
        "level": "error",
        "replacement": "management.stackdriver.metrics.export.enabled"
      }
    },
    {
      "name": "management.metrics.export.stackdriver.num-threads",
      "type": "java.lang.Integer",
      "deprecation": {
        "level": "error"
      }
    },
    {
      "name": "management.metrics.export.stackdriver.project-id",
      "type": "java.lang.String",
      "deprecation": {
        "level": "error",
        "replacement": "management.stackdriver.metrics.export.project-id"
      }
    },
    {
      "name": "management.metrics.export.stackdriver.read-timeout",
      "type": "java.time.Duration",
      "deprecation": {
        "level": "error",
        "replacement": "management.stackdriver.metrics.export.read-timeout"
      }
    },
    {
      "name": "management.metrics.export.stackdriver.resource-labels",
      "type": "java.util.Map<java.lang.String,java.lang.String>",
      "deprecation": {
        "level": "error",
        "replacement": "management.stackdriver.metrics.export.resource-labels"
      }
    },
    {
      "name": "management.metrics.export.stackdriver.resource-type",
      "type": "java.lang.String",
      "deprecation": {
        "level": "error",
        "replacement": "management.stackdriver.metrics.export.resource-type"
      }
    },
    {
      "name": "management.metrics.export.stackdriver.step",
      "type": "java.time.Duration",
      "deprecation": {
        "level": "error",
        "replacement": "management.stackdriver.metrics.export.step"
      }
    },
    {
      "name": "management.metrics.export.stackdriver.use-semantic-metric-types",
      "type": "java.lang.Boolean",
      "deprecation": {
        "level": "error",
        "replacement": "management.stackdriver.metrics.export.use-semantic-metric-types"
      }
    },
    {
      "name": "management.metrics.export.statsd.enabled",
      "type": "java.lang.Boolean",
      "deprecation": {
        "level": "error",
        "replacement": "management.statsd.metrics.export.enabled"
      }
    },
    {
      "name": "management.metrics.export.statsd.flavor",
      "type": "io.micrometer.statsd.StatsdFlavor",
      "deprecation": {
        "level": "error",
        "replacement": "management.statsd.metrics.export.flavor"
      }
    },
    {
      "name": "management.metrics.export.statsd.host",
      "type": "java.lang.String",
      "deprecation": {
        "level": "error",
        "replacement": "management.statsd.metrics.export.host"
      }
    },
    {
      "name": "management.metrics.export.statsd.max-packet-length",
      "type": "java.lang.Integer",
      "deprecation": {
        "level": "error",
        "replacement": "management.statsd.metrics.export.max-packet-length"
      }
    },
    {
      "name": "management.metrics.export.statsd.polling-frequency",
      "type": "java.time.Duration",
      "deprecation": {
        "level": "error",
        "replacement": "management.statsd.metrics.export.polling-frequency"
      }
    },
    {
      "name": "management.metrics.export.statsd.port",
      "type": "java.lang.Integer",
      "deprecation": {
        "level": "error",
        "replacement": "management.statsd.metrics.export.port"
      }
    },
    {
      "name": "management.metrics.export.statsd.protocol",
      "type": "io.micrometer.statsd.StatsdProtocol",
      "deprecation": {
        "level": "error",
        "replacement": "management.statsd.metrics.export.protocol"
      }
    },
    {
      "name": "management.metrics.export.statsd.publish-unchanged-meters",
      "type": "java.lang.Boolean",
      "deprecation": {
        "level": "error",
        "replacement": "management.statsd.metrics.export.publish-unchanged-meters"
      }
    },
    {
      "name": "management.metrics.export.statsd.queue-size",
      "deprecation": {
        "level": "error"
      }
    },
    {
      "name": "management.metrics.export.wavefront.api-token",
      "type": "java.lang.String",
      "deprecation": {
        "level": "error",
        "replacement": "management.wavefront.api-token"
      }
    },
    {
      "name": "management.metrics.export.wavefront.batch-size",
      "type": "java.lang.Integer",
      "deprecation": {
        "level": "error",
        "replacement": "management.wavefront.sender.batch-size"
      }
    },
    {
      "name": "management.metrics.export.wavefront.connect-timeout",
      "type": "java.time.Duration",
      "deprecation": {
        "level": "error"
      }
    },
    {
      "name": "management.metrics.export.wavefront.enabled",
      "type": "java.lang.Boolean",
      "deprecation": {
        "level": "error",
        "replacement": "management.wavefront.metrics.export.enabled"
      }
    },
    {
      "name": "management.metrics.export.wavefront.global-prefix",
      "type": "java.lang.String",
      "deprecation": {
        "level": "error",
        "replacement": "management.wavefront.metrics.export.global-prefix"
      }
    },
    {
      "name": "management.metrics.export.wavefront.num-threads",
      "type": "java.lang.Integer",
      "deprecation": {
        "level": "error"
      }
    },
    {
      "name": "management.metrics.export.wavefront.read-timeout",
      "type": "java.time.Duration",
      "deprecation": {
        "level": "error"
      }
    },
    {
      "name": "management.metrics.export.wavefront.sender.flush-interval",
      "type": "java.time.Duration",
      "deprecation": {
        "level": "error",
        "replacement": "management.wavefront.sender.flush-interval"
      }
    },
    {
      "name": "management.metrics.export.wavefront.sender.max-queue-size",
      "type": "java.lang.Integer",
      "deprecation": {
        "level": "error",
        "replacement": "management.wavefront.sender.max-queue-size"
      }
    },
    {
      "name": "management.metrics.export.wavefront.sender.message-size",
      "type": "org.springframework.util.unit.DataSize",
      "deprecation": {
        "level": "error",
        "replacement": "management.wavefront.sender.message-size"
      }
    },
    {
      "name": "management.metrics.export.wavefront.source",
      "type": "java.lang.String",
      "deprecation": {
        "level": "error",
        "replacement": "management.wavefront.source"
      }
    },
    {
      "name": "management.metrics.export.wavefront.step",
      "type": "java.time.Duration",
      "deprecation": {
        "level": "error",
        "replacement": "management.wavefront.metrics.export.step"
      }
    },
    {
      "name": "management.metrics.export.wavefront.uri",
      "type": "java.net.URI",
      "deprecation": {
        "level": "error",
        "replacement": "management.wavefront.uri"
      }
    },
    {
      "name": "management.metrics.mongo.command.enabled",
      "description": "Whether to enable Mongo client command metrics.",
      "defaultValue": true
    },
    {
      "name": "management.metrics.mongo.connectionpool.enabled",
      "description": "Whether to enable Mongo connection pool metrics.",
      "defaultValue": true
    },
    {
      "name": "management.metrics.system.diskspace.paths",
      "type": "java.util.List<java.io.File>",
      "defaultValue": [
        "."
      ]
    },
    {
      "name": "management.metrics.web.client.request.autotime.enabled",
      "description": "Whether to automatically time web client requests.",
      "defaultValue": true
    },
    {
      "name": "management.metrics.web.client.request.autotime.percentiles",
      "description": "Computed non-aggregable percentiles to publish."
    },
    {
      "name": "management.metrics.web.client.request.autotime.percentiles-histogram",
      "description": "Whether percentile histograms should be published.",
      "defaultValue": false
    },
    {
      "name": "management.metrics.web.client.requests-metric-name",
      "type": "java.lang.String",
      "deprecation": {
        "replacement": "management.metrics.web.client.request.metric-name",
        "level": "error"
      }
    },
    {
      "name": "management.metrics.web.server.auto-time-requests",
      "type": "java.lang.Boolean",
      "deprecation": {
        "replacement": "management.metrics.web.server.request.autotime.enabled",
        "level": "error"
      }
    },
    {
      "name": "management.metrics.web.server.request.autotime.enabled",
      "description": "Whether to automatically time web server requests.",
      "defaultValue": true
    },
    {
      "name": "management.metrics.web.server.request.autotime.percentiles",
      "description": "Computed non-aggregable percentiles to publish."
    },
    {
      "name": "management.metrics.web.server.request.autotime.percentiles-histogram",
      "description": "Whether percentile histograms should be published.",
      "defaultValue": false
    },
    {
      "name": "management.metrics.web.server.requests-metric-name",
      "type": "java.lang.String",
      "deprecation": {
        "replacement": "management.metrics.web.server.request.metric-name",
        "level": "error"
      }
    },
    {
      "name": "management.prometheus.metrics.export.histogram-flavor",
      "defaultValue": "prometheus"
    },
    {
      "name": "management.prometheus.metrics.export.pushgateway.shutdown-operation",
      "defaultValue": "none"
    },
    {
      "name": "management.server.add-application-context-header",
      "type": "java.lang.Boolean",
      "description": "Add the \"X-Application-Context\" HTTP header in each response.",
      "defaultValue": false
    },
    {
      "name": "management.server.servlet.context-path",
      "type": "java.lang.String",
      "deprecation": {
        "replacement": "management.server.base-path",
        "level": "error"
      }
    },
    {
      "name": "management.server.ssl.certificate",
      "description": "Path to a PEM-encoded SSL certificate file."
    },
    {
      "name": "management.server.ssl.certificate-private-key",
      "description": "Path to a PEM-encoded private key file for the SSL certificate."
    },
    {
      "name": "management.server.ssl.ciphers",
      "description": "Supported SSL ciphers."
    },
    {
      "name": "management.server.ssl.client-auth",
      "description": "Client authentication mode. Requires a trust store."
    },
    {
      "name": "management.server.ssl.enabled",
      "description": "Whether to enable SSL support.",
      "defaultValue": true
    },
    {
      "name": "management.server.ssl.enabled-protocols",
      "description": "Enabled SSL protocols."
    },
    {
      "name": "management.server.ssl.key-alias",
      "description": "Alias that identifies the key in the key store."
    },
    {
      "name": "management.server.ssl.key-password",
      "description": "Password used to access the key in the key store."
    },
    {
      "name": "management.server.ssl.key-store",
      "description": "Path to the key store that holds the SSL certificate (typically a jks file)."
    },
    {
      "name": "management.server.ssl.key-store-password",
      "description": "Password used to access the key store."
    },
    {
      "name": "management.server.ssl.key-store-provider",
      "description": "Provider for the key store."
    },
    {
      "name": "management.server.ssl.key-store-type",
      "description": "Type of the key store."
    },
    {
      "name": "management.server.ssl.protocol",
      "description": "SSL protocol to use.",
      "defaultValue": "TLS"
    },
    {
      "name": "management.server.ssl.trust-certificate",
      "description": "Path to a PEM-encoded SSL certificate authority file."
    },
    {
      "name": "management.server.ssl.trust-certificate-private-key",
      "description": "Path to a PEM-encoded private key file for the SSL certificate authority."
    },
    {
      "name": "management.server.ssl.trust-store",
      "description": "Trust store that holds SSL certificates."
    },
    {
      "name": "management.server.ssl.trust-store-password",
      "description": "Password used to access the trust store."
    },
    {
      "name": "management.server.ssl.trust-store-provider",
      "description": "Provider for the trust store."
    },
    {
      "name": "management.server.ssl.trust-store-type",
      "description": "Type of the trust store."
    },
    {
      "name": "management.simple.metrics.export.mode",
      "defaultValue": "cumulative"
    },
    {
      "name": "management.statsd.metrics.export.flavor",
      "defaultValue": "datadog"
    },
    {
      "name": "management.statsd.metrics.export.protocol",
      "defaultValue": "udp"
    },
    {
      "name": "management.trace.http.enabled",
      "type": "java.lang.Boolean",
      "description": "Whether to enable HTTP request-response tracing.",
      "defaultValue": true
    },
    {
      "name": "management.trace.http.include",
      "defaultValue": [
        "request-headers",
        "response-headers",
        "errors"
      ]
    },
    {
      "name": "management.trace.include",
      "deprecation": {
        "replacement": "management.trace.http.include",
        "level": "error"
      }
    }
  ],
  "hints": [
    {
      "name": "management.endpoints.web.cors.allowed-headers",
      "values": [
        {
          "value": "*"
        }
      ],
      "providers": [
        {
          "name": "any"
        }
      ]
    },
    {
      "name": "management.endpoints.web.cors.allowed-methods",
      "values": [
        {
          "value": "*"
        }
      ],
      "providers": [
        {
          "name": "any"
        }
      ]
    },
    {
      "name": "management.endpoints.web.cors.allowed-origins",
      "values": [
        {
          "value": "*"
        }
      ],
      "providers": [
        {
          "name": "any"
        }
      ]
    },
    {
      "name": "management.health.status.order",
      "values": [
        {
          "value": "UNKNOWN"
        },
        {
          "value": "UP"
        },
        {
          "value": "DOWN"
        },
        {
          "value": "OUT_OF_SERVICE"
        }
      ],
      "providers": [
        {
          "name": "any"
        }
      ]
    }
  ]
}
